{
  "spider":"http://ftp6284928.host108.abeiyun.cn/jar/tvbox.txt;md5;a4bf71ea71185b7815d3e94d591a7c51",
  "wallpaper":"http://www.kf666888.cn/api/tvbox/img",
  "lives":[{
    "name":"live",
    "type":0,
    "url":"http://ftp6284928.host108.abeiyun.cn/live/live.txt",
    "playerType":1,
    "ua":"okhttp/3.12.13",
    "epg":"http://epg.112114.xyz/?ch={name}&date={date}",
    "logo":"https://epg.112114.xyz/logo/{name}.png"
  }],
  "sites":[
    {"key":"csp_WoGG","name":"玩偶哥","type":3,"api":"csp_WoGG","searchable":1,"quickSearch":1,"filterable":1,"ext":"http://ftp6284928.host108.abeiyun.cn/json/token.txt+4k|fhd|auto$$$http://tvfan.xxooo.cf/"},
    {"key":"csp_Kunyu77","name":"七七","type":3,"api":"csp_Kunyu77","searchable":1,"quickSearch":1,"filterable":1},
    {"key":"csp_fantuan","name":"饭团","type":3,"api":"csp_Fantuan","searchable":1,"quickSearch":1,"filterable":1,"ext":"https://www.fantuan3.com"},
    {"key":"陌陌","name":"陌陌","type":3,"api":"csp_MmYs","searchable":1,"quickSearch":1,"filterable":1},
    {"key":"迪迪","name":"迪迪","api":"csp_AppYsV2","type":3,"filterable":1,"quickSearch":1,"searchable":1,"ext":"https://api123.adys.app/xgapp.php/v3/"},
    {"key":"csp_AppMr","name":"明明","type":3,"api":"csp_AppMr","searchable":1,"quickSearch":1,"filterable":1},
    {"key":"酷酷","name":"酷酷","type":3,"api":"csp_AppYsV2","ext":"http://ys.realdou.cn/api.php/app/","categories":["4K电影","4K电视剧"]},
    {"key":"探探","name":"探探","type":3,"api":"csp_YT","searchable":1,"quickSearch":1,"filterable":1},
    {"key":"csp_YQKAPP","name":"一起看","type":3,"api":"csp_YQKAPP","playerType":2,"searchable":1,"quickSearch":1,"filterable":1,"ext":"https://api-aws.11ty.top"},
    {"key":"csp_CZSPP","name":"厂长","type":3,"api":"csp_Czsapp","playerType":2,"searchable":1,"quickSearch":1,"filterable":1},
    {"key":"csp_Nmys","name":"农民","type":3,"api":"csp_Nmys","searchable":1,"quickSearch":1,"filterable":1,"ext":"http://ftp6284928.host108.abeiyun.cn/json/nmys.json"},
    
    {"key":"csp_MianHua","name":"棉花影视","type":3,"api":"csp_MianHua","searchable":1,"playerType":2,"quickSearch":1,"filterable":0,"ext":"https://api.haokantj.com", "jar":"http://ftp6284928.host108.abeiyun.cn/jar/more.txt;md5;c263725cc4502bae4a02f4b71cc1af71"},
    {"key":"csp_NanGua","name":"南瓜影视","type":3,"api":"csp_NanGua","searchable":1,"quickSearch":1,"filterable":0,"ext":"", "jar":"http://ftp6284928.host108.abeiyun.cn/jar/more.txt;md5;c263725cc4502bae4a02f4b71cc1af71"},
    {"key":"csp_Youguo","name":"油果视频","type":3,"api":"csp_Youguo","searchable":1,"quickSearch":1,"filterable":0, "jar":"http://ftp6284928.host108.abeiyun.cn/jar/more.txt;md5;c263725cc4502bae4a02f4b71cc1af71"},
    {"key":"EMO","name":"EMO蓝光","type":3,"api":"csp_AppYsV2","ext":"http://154.31.2.112:8868/mogai_api.php/v1.vod", "jar":"http://ftp6284928.host108.abeiyun.cn/jar/more.txt;md5;c263725cc4502bae4a02f4b71cc1af71"},
    {"key":"csp_Yswc","name":"影视王朝","type":3,"api":"csp_Yswc","searchable":1,"quickSearch":1,"filterable":0,"ext":"", "jar":"http://ftp6284928.host108.abeiyun.cn/jar/more.txt;md5;c263725cc4502bae4a02f4b71cc1af71"},
    {"key":"csp_SC1080","name":"时常影视","type":3,"api":"csp_SC1080","searchable":1,"quickSearch":1,"filterable":0,"ext":"", "jar":"http://ftp6284928.host108.abeiyun.cn/jar/more.txt;md5;c263725cc4502bae4a02f4b71cc1af71"},
    {"key":"HDMOLI","name":"HDMOLI","api":"csp_HDMOLI","type":3,"filterable":1,"quickSearch":1,"searchable":1,"ext":"", "jar":"http://ftp6284928.host108.abeiyun.cn/jar/more.txt;md5;c263725cc4502bae4a02f4b71cc1af71"},
    {"key":"csp_Lezhu","name":"乐猪影视","api":"csp_Lezhu","type":3,"filterable":1,"playerType":2,"quickSearch":1,"searchable":1,"ext":"", "jar":"http://ftp6284928.host108.abeiyun.cn/jar/more.txt;md5;c263725cc4502bae4a02f4b71cc1af71"},
    {"key":"csp_ShiLiuDY","name":"石榴电影","api":"csp_ShiLiuDY","type":3,"filterable":1,"playerType":2,"quickSearch":1,"searchable":1,"ext":"", "jar":"http://ftp6284928.host108.abeiyun.cn/jar/more.txt;md5;c263725cc4502bae4a02f4b71cc1af71"},
    {"key":"csp_Kuaikan","name":"快看","type":3,"api":"csp_Kuaikan","searchable":1,"quickSearch":1,"filterable":1},
    {"key":"csp_SP360","name":"360","type":3,"api":"csp_SP33","searchable":1,"quickSearch":1,"filterable":1,"changeable":0},
    {"key":"csp_Voflix","name":"Voflix","type":3,"api":"csp_Voflix","searchable":1,"quickSearch":1,"filterable":1},
    {"key":"csp_Lib","name":"Lib","type":3,"api":"csp_Libvio","searchable":1,"quickSearch":1,"filterable":1,"ext":"https://www.libvio.fun/"},
    {"key":"csp_Ysgc","name":"工厂","type":3,"api":"csp_Ysgc","searchable":1,"quickSearch":1,"filterable":1,"ext":"https://www.ysgc.vip"},
    {"key":"csp_Lgyy","name":"蓝光","type":3,"api":"csp_Lgyy","searchable":1,"quickSearch":1,"filterable":1,"ext":"https://www.lgyy.vip"},
    {"key":"csp_Auete","name":"Auete","type":3,"api":"csp_Auete","searchable":1,"quickSearch":1,"filterable":1},
    {"key":"csp_Cokemv","name":"Cokemv","type":3,"api":"csp_Cokemv","playerType":1,"searchable":1,"quickSearch":1,"filterable":1},
    {"key":"csp_Bttoo","name":"2BT","type":3,"api":"csp_Bttwoo","searchable":1,"quickSearch":1,"filterable":1},
    {"key":"csp_Xinsj","name":"新视觉","type":3,"api":"csp_Xinsj","searchable":1,"quickSearch":1,"filterable":1,"ext":"https://www.6080yy3.com/"},
    {"key":"csp_Dy1010","name":"双十","type":3,"api":"csp_Dy1010","searchable":1,"quickSearch":1,"filterable":1},
    {"key":"csp_Zxzj","name":"在线之家","type":3,"api":"csp_Zxzj","searchable":1,"quickSearch":1,"filterable":1,"ext":"https://www.zxzj.pro/"},
    {"key":"csp_Ddrk","name":"低端","type":3,"api":"csp_Ddrk","searchable":1,"quickSearch":1,"filterable":0},    
    {"key":"csp_Anime1","name":"动漫","type":3,"api":"csp_Anime1","searchable":1,"quickSearch":1,"filterable":1},
    {"key":"csp_Dm84","name":"动漫巴士","type":3,"api":"csp_Dm84","searchable":1,"quickSearch":1,"filterable":1},
    {"key":"csp_Ying","name":"樱花动漫","type":3,"api":"csp_Ying","playerType":2,"searchable":1,"quickSearch":1,"filterable":1},
    {"key":"csp_Ysj","name":"异界动漫","type":3,"api":"csp_Ysj","playerType":2,"searchable":1,"quickSearch":1,"filterable":1},
    

    {"key":"csp_Paper","name":"小纸条","type":3,"api":"csp_Paper","searchable":1,"quickSearch":1,"filterable":1,"ext":"http://ftp6284928.host108.abeiyun.cn/json/token.txt"},
    {"key":"csp_Bili","name":"哔哩合集","type":3,"api":"csp_Bili","searchable":1,"quickSearch":1,"filterable":1,"ext":"http://ftp6284928.host108.abeiyun.cn/json/bilibili.json"},
    {"key":"csp_虎牙","name":"虎牙直播","type": 3,"api":"csp_XYQHiker","searchable": 0,"quickSearch": 0,"filterable": 0,"ext":"http://ftp6284928.host108.abeiyun.cn/json/虎牙直播.json"},
    {"key":"csp_斗鱼","name":"斗鱼直播","type": 3,"api":"csp_XYQBiu","searchable": 0,"quickSearch": 0,"filterable": 0,"ext":"http://ftp6284928.host108.abeiyun.cn/json/斗鱼直播.json"},
    {"key":"csp_企鹅体育","name":"企鹅体育","type": 3,"api":"csp_XPath","searchable": 0,"quickSearch": 0,"filterable": 0,"ext":"http://ftp6284928.host108.abeiyun.cn/json/企鹅直播.json"},
    {"key":"csp_Biliych","name":"看演唱会","type":3,"api":"csp_Bili","searchable":0,"quickSearch":0,"filterable":1,"ext":"http://ftp6284928.host108.abeiyun.cn/json/Biliych.json"},
    {"key":"csp_短视频","name":"短视频","type": 3,"api":"csp_XBPQ","searchable": 0,"quickSearch": 0,"filterable": 0,"ext":"http://ftp6284928.host108.abeiyun.cn/json/短视频.json"},
    {"key":"csp_Alist1","name":"Alist网盘","type":3,"api":"csp_AList","searchable":1,"quickSearch":0,"filterable":0,"ext":"http://ftp6284928.host108.abeiyun.cn/json/alist.json"},
    {"key":"幼儿乐园","name":"幼儿乐园","type":3,"api":"csp_Bili","searchable":0,"quickSearch":0,"filterable":1,"ext":"http://ftp6284928.host108.abeiyun.cn/json/幼儿乐园.json"},
    {"key":"少儿教育","name":"少儿教育","type":3,"api":"csp_Bili","searchable":0,"quickSearch":0,"filterable":1,"ext":"http://ftp6284928.host108.abeiyun.cn/json/少儿教育.json"},
    {"key":"小学课堂","name":"小学课堂","type":3,"api":"csp_Bili","searchable":0,"quickSearch":0,"filterable":1,"ext":"http://ftp6284928.host108.abeiyun.cn/json/小学课堂.json"},
    {"key":"初中课堂","name":"初中课堂","type":3,"api":"csp_Bili","searchable":0,"quickSearch":0,"filterable":1,"ext":"http://ftp6284928.host108.abeiyun.cn/json/初中课堂.json"},
    {"key":"高中教育","name":"高中课堂","type":3,"api":"csp_Bili","searchable":0,"quickSearch":0,"filterable":1,"ext":"http://ftp6284928.host108.abeiyun.cn/json/高中课堂.json"},
    {"key":"csp_YiSo","name":"易搜","type":3,"api":"csp_YiSo","searchable":1,"quickSearch":1,"filterable":0,"changeable":0,"ext":"http://ftp6284928.host108.abeiyun.cn/json/token.txt+4k|fhd|auto"},
    {"key":"AliPS","name":"盘搜","type":3,"api":"csp_PanSou","searchable":1,"quickSearch":1,"filterable":1,"ext":"http://ftp6284928.host108.abeiyun.cn/json/token.txt+4k|fhd|auto"},
    {"key":"csp_UpYun","name":"Up云搜","type":3,"api":"csp_UpYun","searchable":1,"quickSearch":1,"filterable":1,"ext":"http://ftp6284928.host108.abeiyun.cn/json/token.txt"},
    {"key":"FindZY","name":"找资源","type":3,"api":"csp_Zhaozy","searchable":1,"quickSearch":1,"filterable":1,"ext":"https://agit.ai/Yoursmile7/TVBox/raw/branch/master/token.txt+4k|fhd|auto$$$fanfan$$$qqq111"},
    {"key":"csp_Push","name":"推送","type":3,"api":"csp_Push","searchable":0,"quickSearch":0,"filterable":0,"ext":"http://ftp6284928.host108.abeiyun.cn/json/token.txt"}
  ],
  "parses":[
    {"name":"Web聚合","type":3,"url":"Web"},
    {"name":"聚合","type":3,"url":"Demo"},
    {"name":"解析0","type":1,"url":"http://pandown.pro/app/kkdy.php?url=","ext":{"flag":["qq","腾讯","qiyi","爱奇艺","奇艺","youku","优酷","sohu","搜狐","letv","乐视","mgtv","芒果","rx","ltnb","bilibili","1905","xigua"]}},
    {"name":"解析1","type":1,"url":"http://json.g9.pub:66/?url=","ext":{"flag":["qq","腾讯","qiyi","爱奇艺","奇艺","youku","优酷","mgtv","imgo","芒果","letv","乐视","pptv","PPTV","sohu","bilibili","哔哩哔哩","哔哩"],"header":{"User-Agent":"okhttp/4.1.0"}}},
    {"name":"解析2","type":0,"url":"https://yun.ckmov.com/?url=","ext":{"flag":["qq","腾讯","qiyi","爱奇艺","奇艺","youku","优酷","mgtv","imgo","芒果","letv","乐视","pptv","PPTV","sohu","bilibili","哔哩哔哩","哔哩"],"header":{"User-Agent":"okhttp/4.1.0"}}},
    {"name":"解析3","type":0,"url":"https://jx.zhanlangbu.com/?url=","ext":{"flag":["qq","腾讯","qiyi","爱奇艺","奇艺","youku","优酷","sohu","搜狐","letv","乐视","mgtv","芒果","imgo","rx","ltnb","bilibili","1905","xigua"]}},
    {"name":"解析4","type":1,"url":"https://api.cygc.xyz/analysis/?url=","ext":{"flag":["qq","腾讯","qiyi","爱奇艺","奇艺","youku","优酷","sohu","搜狐","letv","乐视","imgo","mgtv","芒果","rx","ltnb","bilibili","1905","xigua"]}},
    {"name":"解析5","type":0,"url":"https://jx.xmflv.com/?url=","ext":{"flag":["qq","腾讯","qiyi","爱奇艺","奇艺","youku","优酷","mgtv","芒果","imgo","letv","乐视","pptv","PPTV","sohu","bilibili","哔哩哔哩","哔哩"],"header":{"User-Agent":"okhttp/4.1.0"}}},
    {"name":"解析6","type":1,"url":"https://jx.ccabc.cc/xc/?key=5567332json&url="},
    {"name":"解析7","type":0,"url":"http://27.124.4.42:4567/jhjson/ceshi.php?url=","ext":{"flag":["qq","腾讯","qiyi","爱奇艺","奇艺","youku","优酷","mgtv","imgo","芒果","letv","乐视","pptv","PPTV","sohu","bilibili","哔哩哔哩","哔哩"],"header":{"User-Agent":"okhttp/4.1.0"}}},
    {"name":"解析8","type":1,"url":"https://b.umkan.cc/API.php?url=","ext":{"flag":["qq","腾讯","企鹅","IQiYi","qiyi","imgo","爱奇艺","奇艺","youku","YouKu","优酷","sohu","SoHu","搜狐","letv","LeShi","乐视","imgo","mgtv","MangGuo","芒果","SLYS4k","BYGA","luanzi","AliS","dxzy","bilibili","QEYSS","xigua","西瓜视频","腾讯视频","奇艺视频","优酷视频","芒果视频","乐视视频"]}},
    {"name":"解析9","type":1,"url":"https://jx.jsonplayer.com/player/?url="},
    {"name":"解析10","type":1,"url":"https://im1907.top/?jx="},
    {"name":"解析11","type":1,"url":"https://api.okjx.cc:3389/jx.php?url="},
    {"name":"解析12","type":1,"url":"https://okjx.cc/?url="},
    {"name":"解析13","type":1,"url":"https://jx.yangtu.top/?url="},
    {"name":"解析14","type":1,"url":"https://jx.aidouer.net/?url="},
    {"name":"解析15","type":1,"url":"https://jx.iztyy.com/Bei/?url="},
    {"name":"解析16","type":1,"url":"https://jx.yparse.com/index.php?url="},
    {"name":"解析17","type":1,"url":"https://www.yemu.xyz/?url="},
    {"name":"解析18","type":1,"url":"https://www.mtosz.com/m3u8.php?url="},
    {"name":"解析19","type":1,"url":"https://jx.m3u8.tv/jiexi/?url="},
    {"name":"解析20","type":1,"url":"https://parse.123mingren.com/?url="},
    {"name":"解析21","type":1,"url":"https://jx.4kdv.com/?url="},
    {"name":"解析22","type":1,"url":"https://ckmov.ccyjjd.com/ckmov/?url="},
    {"name":"解析23","type":1,"url":"https://www.8090g.cn/?url="},
    {"name":"解析24","type":1,"url":"https://api.qianqi.net/vip/?url="},
    {"name":"解析25","type":1,"url":"https://vip.laobandq.com/jiexi.php?url="},
    {"name":"解析26","type":1,"url":"https://www.playm3u8.cn/jiexi.php?url="},
    {"name":"解析27","type":1,"url":"https://www.administratorw.com/video.php?url="},
    {"name":"解析28","type":1,"url":"https://www.ckplayer.vip/jiexi/?url="},
    {"name":"解析29","type":1,"url":"https://go.yh0523.cn/y.cy?url="},
    {"name":"解析30","type":1,"url":"https://jx.blbo.cc:4433/?url="}
    
  ],
  "rules":[
    {"host":"*","rule":["default.365yg.com"]},
    {"host":"dyxs20.com","rule":[".m3u8"]},
    {"host":"www.agemys.cc","rule":["cdn-tos","obj/tos-cn"]},
    {"host":"www.sharenice.net","rule":["http.*?/play.{0,3}\\?[^url]{2,8}=.*"]},
    {"host":"www.sharenice.net","rule":["qianpailive.com","vid="]},
    {"host":"*","rule":["douyin.com/aweme","video_id="]},
    {"host":"*","rule":["huoshan.com","/item/video/"]},
    {"host":"*","rule":["http((?!http).){12,}?\\.(m3u8|mp4|flv|avi|mkv|rm|wmv|mpg|m4a)\\?.*"]},
    {"host":"*","rule":["http((?!http).){12,}\\.(m3u8|mp4|flv|avi|mkv|rm|wmv|mpg|m4a)"]}
  ],
  "flags":["youku","优酷","优酷视频","qq","腾讯","腾讯视频","iqiyi","qiyi","奇艺","爱奇艺","m1905","xigua","letv","leshi","乐视","sohu","搜狐","搜狐视频","tudou","pptv","mgtv","芒果","imgo","芒果TV","bilibili","哔哩","哔哩哔哩","B站","renrenmi","wasu","ltnb","rx","SLYS4k","BYGA","BYGB","luanzi","dxzy","QEYSS","aliyun","AliS","122","chuangying","CL4K","xfyun","wuduzy","xmm","xigua","m1905","funshion"],
  "ijk":[
    {"group":"软解码","options":[
      {"category":4,"name":"opensles","value":"0"},
      {"category":4,"name":"overlay-format","value":"842225234"},
      {"category":4,"name":"framedrop","value":"1"},
      {"category":4,"name":"soundtouch","value":"1"},
      {"category":4,"name":"start-on-prepared","value":"1"},
      {"category":1,"name":"http-detect-range-support","value":"0"},
      {"category":1,"name":"fflags","value":"fastseek"},
      {"category":2,"name":"skip_loop_filter","value":"48"},
      {"category":4,"name":"reconnect","value":"1"},
      {"category":4,"name":"enable-accurate-seek","value":"0"},
      {"category":4,"name":"mediacodec","value":"0"},
      {"category":4,"name":"mediacodec-auto-rotate","value":"0"},
      {"category":4,"name":"mediacodec-handle-resolution-change","value":"0"},
      {"category":4,"name":"mediacodec-hevc","value":"0"},
      {"category":1,"name":"dns_cache_timeout","value":"600000000"}
    ]},
    {"group":"硬解码","options":[
      {"category":4,"name":"opensles","value":"0"},
      {"category":4,"name":"overlay-format","value":"842225234"},
      {"category":4,"name":"framedrop","value":"1"},
      {"category":4,"name":"soundtouch","value":"1"},
      {"category":4,"name":"start-on-prepared","value":"1"},
      {"category":1,"name":"http-detect-range-support","value":"0"},
      {"category":1,"name":"fflags","value":"fastseek"},
      {"category":2,"name":"skip_loop_filter","value":"48"},
      {"category":4,"name":"reconnect","value":"1"},
      {"category":4,"name":"enable-accurate-seek","value":"0"},
      {"category":4,"name":"mediacodec","value":"1"},
      {"category":4,"name":"mediacodec-auto-rotate","value":"1"},
      {"category":4,"name":"mediacodec-handle-resolution-change","value":"1"},
      {"category":4,"name":"mediacodec-hevc","value":"1"},
      {"category":1,"name":"dns_cache_timeout","value":"600000000"}
    ]}
  ],
  "ads":["wan.51img1.com","iqiyi.hbuioo.com","vip.ffzyad.com","https://lf1-cdn-tos.bytegoofy.com/obj/tos-cn-i-dy/455ccf9e8ae744378118e4bd289288dd","mimg.0c1q0l.cn","www.googletagmanager.com","www.google-analytics.com","mc.usihnbcq.cn","mg.g1mm3d.cn","mscs.svaeuzh.cn","cnzz.hhttm.top","tp.vinuxhome.com","cnzz.mmstat.com","www.baihuillq.com","s23.cnzz.com","z3.cnzz.com","c.cnzz.com","stj.v1vo.top","z12.cnzz.com","img.mosflower.cn","tips.gamevvip.com","ehwe.yhdtns.com","xdn.cqqc3.com","www.jixunkyy.cn","sp.chemacid.cn","hm.baidu.com","s9.cnzz.com","z6.cnzz.com","um.cavuc.com","mav.mavuz.com","wofwk.aoidf3.com","z5.cnzz.com","xc.hubeijieshikj.cn","tj.tianwenhu.com","xg.gars57.cn","k.jinxiuzhilv.com","cdn.bootcss.com","ppl.xunzhuo123.com","xomk.jiangjunmh.top","img.xunzhuo123.com","z1.cnzz.com","s13.cnzz.com","xg.huataisangao.cn","z7.cnzz.com","xg.huataisangao.cn","z2.cnzz.com","s96.cnzz.com","q11.cnzz.com","thy.dacedsfa.cn","xg.whsbpw.cn","s19.cnzz.com","z8.cnzz.com","s4.cnzz.com","f5w.as12df.top","ae01.alicdn.com","www.92424.cn","k.wudejia.com","vivovip.mmszxc.top","qiu.xixiqiu.com","cdnjs.hnfenxun.com","cms.qdwght.com"]
}
