{
  "spider": "http://ftp6284928.host108.abeiyun.cn/jar/xiaoya.txt;md5;640134490d5e29918464d07eaa6a1dc4",
  "wallpaper":"http://www.kf666888.cn/api/tvbox/img",
  "lives":[{"group":"redirect","channels":[{"name":"live","urls":["proxy://do=live&type=txt&ext=aHR0cHM6Ly90di41eWUuY2MvbGl2ZS9saXZlLnR4dA=="]}]}],
  "homepage": "https://gitcode.net/qq_32394351/dr_py",
  "dr_count": 119,
  "mode": 1,
  "drives": [
    {"name": "小雅的Alist","server": "http://alist.xiaoya.pro","type": "alist"},
    {"name": "🐱梓澪の妙妙屋","server": "https://xn--i0v44m.xyz","type": "alist"},
    {"name": "🚆资源小站","server": "https://pan.142856.xyz","type": "alist"},
    {"name": "🌤晴园的宝藏库","server": "https://alist.52qy.repl.co","type": "alist"},
    {"name": "🐭米奇妙妙屋","server": "https://anime.mqmmw.ga","type": "alist"},
    {"name": "🔮嗨翻","server": "https://pan.hikerfans.com","type": "alist","password": "5"},
    {"name": "💂小兵组网盘影视","server": "https://6vv.app","type": "alist"},
    {"name": "📀小光盘","server": "https://alist.xiaoguanxiaocheng.life","type": "alist"},
    {"name": "🐋一只鱼","server": "https://alist.youte.ml","type": "alist"},
    {"name": "🌊七米蓝","server": "https://al.chirmyram.com","type": "alist"},
    {"name": "🌴非盘","server": "http://www.feifwp.top","type": "alist"},
    {"name": "🥼帅盘","server": "https://hi.shuaipeng.wang","type": "alist"},
    {"name": "🐉神族九帝","server": "https://alist.shenzjd.com","type": "alist"},
    {"name": "☃姬路白雪","server": "https://pan.jlbx.xyz","type": "alist"},
    {"name": "🎧听闻网盘","server": "https://wangpan.sangxuesheng.com","type": "alist"},
    {"name": "💾DISK","server": "http://124.222.140.243:8080","type": "alist"},
    {"name": "🌨云播放","server": "https://quanzi.laoxianghuijia.cn","type": "alist"},
    {"name": "✨星梦","server": "https://pan.bashroot.top","type": "alist"},
    {"name": "🌊小江","server": "https://dyj.me","type": "alist"},
    {"name": "💫触光","server": "https://pan.ichuguang.com","type": "alist"},
    {"name": "🕵好汉吧","server": "https://8023.haohanba.cn","type": "alist"},
    {"name": "🥗AUNEY","server": "http://121.227.25.116:8008","type": "alist"},
    {"name": "🎡资源小站","server": "https://960303.xyz/","type": "alist"},
    {"name": "🏝fenwe","server": "http://www.fenwe.tk:5244","type": "alist"},
    {"name": "🎢轻弹浅唱","server": "https://g.xiang.lol","type": "alist"}
  ],
  "sites": [
    {"key": "Alist","name": "Alist","type": 3,"api": "http://ftp6284928.host108.abeiyun.cn/drpy/libs/alist.min.js","searchable": 1,"quickSearch": 1,"filterable": 0,"ext": "./js/alist.json"},
    {"key": "dr_海盗听书","name": "海盗听书(drpy)","type": 3,"api": "http://ftp6284928.host108.abeiyun.cn/drpy/libs/drpy.min.js","searchable": 2,"quickSearch": 0,"filterable": 0,"ext": "http://ftp6284928.host108.abeiyun.cn/drpy/js/海盗听书.js"},
    {"key": "dr_酷云77","name": "酷云77(drpy)","type": 3,"api": "http://ftp6284928.host108.abeiyun.cn/drpy/libs/drpy.min.js","searchable": 2,"quickSearch": 0,"filterable": 1,"ext": "http://ftp6284928.host108.abeiyun.cn/drpy/js/酷云77.js"},
    {"key": "dr_菜狗","name": "菜狗(drpy)","type": 3,"api": "http://ftp6284928.host108.abeiyun.cn/drpy/libs/drpy.min.js","searchable": 2,"quickSearch": 0,"filterable": 1,"ext": "http://ftp6284928.host108.abeiyun.cn/drpy/js/菜狗.js"},
    {"key": "dr_荐片","name": "荐片(drpy)","type": 3,"api": "http://ftp6284928.host108.abeiyun.cn/drpy/libs/drpy.min.js","searchable": 2,"quickSearch": 0,"filterable": 1,"ext": "http://ftp6284928.host108.abeiyun.cn/drpy/js/荐片.js"},
    {"key": "dr_真不卡","name": "真不卡(drpy)","type": 3,"api": "http://ftp6284928.host108.abeiyun.cn/drpy/libs/drpy.min.js","searchable": 2,"quickSearch": 0,"filterable": 0,"ext": "http://ftp6284928.host108.abeiyun.cn/drpy/js/真不卡.js"},
    {"key": "dr_有声小说吧","name": "有声小说吧(drpy)","type": 3,"api": "http://ftp6284928.host108.abeiyun.cn/drpy/libs/drpy.min.js","searchable": 2,"quickSearch": 0,"filterable": 0,"ext": "http://ftp6284928.host108.abeiyun.cn/drpy/js/有声小说吧.js"},
    {"key": "dr_drpy","name": "drpy(drpy)","type": 3,"api": "http://ftp6284928.host108.abeiyun.cn/drpy/libs/drpy.min.js","searchable": 1,"quickSearch": 1,"filterable": 1,"ext": "http://ftp6284928.host108.abeiyun.cn/drpy/js/drpy.js"},
    {"key": "dr_ddys","name": "ddys(drpy)","type": 3,"api": "http://ftp6284928.host108.abeiyun.cn/drpy/libs/drpy.min.js","searchable": 2,"quickSearch": 0,"filterable": 0,"ext": "http://ftp6284928.host108.abeiyun.cn/drpy/js/ddys.js"},
    {"key": "dr_360影视","name": "360影视(drpy)","type": 3,"api": "http://ftp6284928.host108.abeiyun.cn/drpy/libs/drpy.min.js","searchable": 2,"quickSearch": 0,"filterable": 0,"ext": "http://ftp6284928.host108.abeiyun.cn/drpy/js/360影视.js"},
    {"key": "dr_听书网","name": "听书网(drpy)","type": 3,"api": "http://ftp6284928.host108.abeiyun.cn/drpy/libs/drpy.min.js","searchable": 2,"quickSearch": 0,"filterable": 0,"ext": "http://ftp6284928.host108.abeiyun.cn/drpy/js/听书网.js"},
    {"key": "dr_腾云驾雾","name": "腾云驾雾(drpy)","type": 3,"api": "http://ftp6284928.host108.abeiyun.cn/drpy/libs/drpy.min.js","searchable": 2,"quickSearch": 0,"filterable": 1,"ext": "http://ftp6284928.host108.abeiyun.cn/drpy/js/腾云驾雾.js"},
    {"key": "dr_百忙无果","name": "百忙无果(drpy)","type": 3,"api": "http://ftp6284928.host108.abeiyun.cn/drpy/libs/drpy.min.js","searchable": 2,"quickSearch": 0,"filterable": 1,"ext": "http://ftp6284928.host108.abeiyun.cn/drpy/js/百忙无果.js"},
    {"key": "dr_优酷","name": "优酷(drpy)","type": 3,"api": "http://ftp6284928.host108.abeiyun.cn/drpy/libs/drpy.min.js","searchable": 2,"quickSearch": 0,"filterable": 1,"ext": "http://ftp6284928.host108.abeiyun.cn/drpy/js/优酷.js"},
    {"key": "dr_布雷蓝光","name": "布雷蓝光(drpy)","type": 3,"api": "http://ftp6284928.host108.abeiyun.cn/drpy/libs/drpy.min.js","searchable": 2,"quickSearch": 1,"filterable": 0,"ext": "http://ftp6284928.host108.abeiyun.cn/drpy/js/布雷蓝光.js"},
    {"key": "py_bilizb","name": "py_bilizb(Pyramid)","type": 3,"api": "py_bilizb","searchable": 1,"quickSearch": 1,"filterable": 0,"ext": "./py/py_bilizb.py"},
    {"key": "dr_豆芽影院","name": "豆芽影院(drpy)","type": 3,"api": "http://ftp6284928.host108.abeiyun.cn/drpy/libs/drpy.min.js","searchable": 2,"quickSearch": 0,"filterable": 0,"ext": "http://ftp6284928.host108.abeiyun.cn/drpy/js/豆芽影院.js"},
    {"key": "dr_爱酷影视","name": "爱酷影视(drpy)","type": 3,"api": "http://ftp6284928.host108.abeiyun.cn/drpy/libs/drpy.min.js","searchable": 2,"quickSearch": 1,"filterable": 0,"ext": "http://ftp6284928.host108.abeiyun.cn/drpy/js/爱酷影视.js"},
    {"key": "dr_兰花影院","name": "兰花影院(drpy)","type": 3,"api": "http://ftp6284928.host108.abeiyun.cn/drpy/libs/drpy.min.js","searchable": 2,"quickSearch": 0,"filterable": 0,"ext": "http://ftp6284928.host108.abeiyun.cn/drpy/js/兰花影院.js"},
    {"key": "dr_我爱电影网","name": "我爱电影网(drpy)","type": 3,"api": "http://ftp6284928.host108.abeiyun.cn/drpy/libs/drpy.min.js","searchable": 2,"quickSearch": 1,"filterable": 0,"ext": "http://ftp6284928.host108.abeiyun.cn/drpy/js/我爱电影网.js"},
    {"key": "dr_饭团","name": "饭团(drpy)","type": 3,"api": "http://ftp6284928.host108.abeiyun.cn/drpy/libs/drpy.min.js","searchable": 2,"quickSearch": 0,"filterable": 0,"ext": "http://ftp6284928.host108.abeiyun.cn/drpy/js/饭团.js"},
    {"key": "dr_蜻蜓FM","name": "蜻蜓FM(drpy)","type": 3,"api": "http://ftp6284928.host108.abeiyun.cn/drpy/libs/drpy.min.js","searchable": 0,"quickSearch": 0,"filterable": 0,"ext": "http://ftp6284928.host108.abeiyun.cn/drpy/js/蜻蜓FM.js"},
    {"key": "dr_独播库[飞]","name": "独播库[飞](drpy)","type": 3,"api": "http://ftp6284928.host108.abeiyun.cn/drpy/libs/drpy.min.js","searchable": 2,"quickSearch": 0,"filterable": 0,"ext": "http://ftp6284928.host108.abeiyun.cn/drpy/js/独播库[飞].js"},
    {"key": "dr_趣享星趣","name": "趣享星趣(drpy)","type": 3,"api": "http://ftp6284928.host108.abeiyun.cn/drpy/libs/drpy.min.js","searchable": 2,"quickSearch": 0,"filterable": 0,"ext": "http://ftp6284928.host108.abeiyun.cn/drpy/js/趣享星趣.js"},
    {"key": "dr_看视界","name": "看视界(drpy)","type": 3,"api": "http://ftp6284928.host108.abeiyun.cn/drpy/libs/drpy.min.js","searchable": 2,"quickSearch": 0,"filterable": 0,"ext": "http://ftp6284928.host108.abeiyun.cn/drpy/js/看视界.js"},
    {"key": "dr_看看电影","name": "看看电影(drpy)","type": 3,"api": "http://ftp6284928.host108.abeiyun.cn/drpy/libs/drpy.min.js","searchable": 2,"quickSearch": 0,"filterable": 0,"ext": "http://ftp6284928.host108.abeiyun.cn/drpy/js/看看电影.js"},
    {"key": "dr_Fun4K","name": "Fun4K(drpy)","type": 3,"api": "http://ftp6284928.host108.abeiyun.cn/drpy/libs/drpy.min.js","searchable": 2,"quickSearch": 0,"filterable": 0,"ext": "http://ftp6284928.host108.abeiyun.cn/drpy/js/Fun4K.js"},
    {"key": "dr_追剧达人","name": "追剧达人(drpy)","type": 3,"api": "http://ftp6284928.host108.abeiyun.cn/drpy/libs/drpy.min.js","searchable": 2,"quickSearch": 1,"filterable": 0,"ext": "http://ftp6284928.host108.abeiyun.cn/drpy/js/追剧达人.js"},
    {"key": "dr_量子影视","name": "量子影视(drpy)","type": 3,"api": "http://ftp6284928.host108.abeiyun.cn/drpy/libs/drpy.min.js","searchable": 2,"quickSearch": 0,"filterable": 0,"ext": "http://ftp6284928.host108.abeiyun.cn/drpy/js/量子影视.js"},
    {"key": "dr_酷奇MV","name": "酷奇MV(drpy)","type": 3,"api": "http://ftp6284928.host108.abeiyun.cn/drpy/libs/drpy.min.js","searchable": 2,"quickSearch": 0,"filterable": 0,"ext": "http://ftp6284928.host108.abeiyun.cn/drpy/js/酷奇MV.js"},
    {"key": "dr_麦豆","name": "麦豆(drpy)","type": 3,"api": "http://ftp6284928.host108.abeiyun.cn/drpy/libs/drpy.min.js","searchable": 2,"quickSearch": 0,"filterable": 0,"ext": "http://ftp6284928.host108.abeiyun.cn/drpy/js/麦豆.js"},
    {"key": "dr_追剧喵","name": "追剧喵(drpy)","type": 3,"api": "http://ftp6284928.host108.abeiyun.cn/drpy/libs/drpy.min.js","searchable": 2,"quickSearch": 0,"filterable": 0,"ext": "http://ftp6284928.host108.abeiyun.cn/drpy/js/追剧喵.js"},
    {"key": "dr_蛋蛋赞","name": "蛋蛋赞(drpy)","type": 3,"api": "http://ftp6284928.host108.abeiyun.cn/drpy/libs/drpy.min.js","searchable": 2,"quickSearch": 0,"filterable": 0,"ext": "http://ftp6284928.host108.abeiyun.cn/drpy/js/蛋蛋赞.js"},
    {"key": "dr_虎牙直播","name": "虎牙直播(drpy)","type": 3,"api": "http://ftp6284928.host108.abeiyun.cn/drpy/libs/drpy.min.js","searchable": 2,"quickSearch": 0,"filterable": 1,"ext": "http://ftp6284928.host108.abeiyun.cn/drpy/js/虎牙直播.js"},
    {"key": "dr_蓝莓影视","name": "蓝莓影视(drpy)","type": 3,"api": "http://ftp6284928.host108.abeiyun.cn/drpy/libs/drpy.min.js","searchable": 2,"quickSearch": 0,"filterable": 0,"ext": "http://ftp6284928.host108.abeiyun.cn/drpy/js/蓝莓影视.js"},
    {"key": "dr_蓝光影院","name": "蓝光影院(drpy)","type": 3,"api": "http://ftp6284928.host108.abeiyun.cn/drpy/libs/drpy.min.js","searchable": 2,"quickSearch": 0,"filterable": 0,"ext": "http://ftp6284928.host108.abeiyun.cn/drpy/js/蓝光影院.js"},
    {"key": "dr_莫扎兔","name": "莫扎兔(drpy)","type": 3,"api": "http://ftp6284928.host108.abeiyun.cn/drpy/libs/drpy.min.js","searchable": 2,"quickSearch": 0,"filterable": 0,"ext": "http://ftp6284928.host108.abeiyun.cn/drpy/js/莫扎兔.js"},
    {"key": "dr_素白白","name": "素白白(drpy)","type": 3,"api": "http://ftp6284928.host108.abeiyun.cn/drpy/libs/drpy.min.js","searchable": 2,"quickSearch": 0,"filterable": 0,"ext": "http://ftp6284928.host108.abeiyun.cn/drpy/js/素白白.js"},
    {"key": "dr_秋霞","name": "秋霞(drpy)","type": 3,"api": "http://ftp6284928.host108.abeiyun.cn/drpy/libs/drpy.min.js","searchable": 2,"quickSearch": 0,"filterable": 0,"ext": "http://ftp6284928.host108.abeiyun.cn/drpy/js/秋霞.js"},
    {"key": "dr_短视频","name": "短视频(drpy)","type": 3,"api": "http://ftp6284928.host108.abeiyun.cn/drpy/libs/drpy.min.js","searchable": 0,"quickSearch": 0,"filterable": 0,"ext": "http://ftp6284928.host108.abeiyun.cn/drpy/js/短视频.js"},
    {"key": "dr_番茄影视","name": "番茄影视(drpy)","type": 3,"api": "http://ftp6284928.host108.abeiyun.cn/drpy/libs/drpy.min.js","searchable": 2,"quickSearch": 0,"filterable": 0,"ext": "http://ftp6284928.host108.abeiyun.cn/drpy/js/番茄影视.js"},
    {"key": "dr_瓜皮TV","name": "瓜皮TV(drpy)","type": 3,"api": "http://ftp6284928.host108.abeiyun.cn/drpy/libs/drpy.min.js","searchable": 2,"quickSearch": 0,"filterable": 0,"ext": "http://ftp6284928.host108.abeiyun.cn/drpy/js/瓜皮TV.js"},
    {"key": "dr_玄天","name": "玄天(drpy)","type": 3,"api": "http://ftp6284928.host108.abeiyun.cn/drpy/libs/drpy.min.js","searchable": 2,"quickSearch": 0,"filterable": 0,"ext": "http://ftp6284928.host108.abeiyun.cn/drpy/js/玄天.js"},
    {"key": "dr_猫了个咪","name": "猫了个咪(drpy)","type": 3,"api": "http://ftp6284928.host108.abeiyun.cn/drpy/libs/drpy.min.js","searchable": 0,"quickSearch": 0,"filterable": 0,"ext": "http://ftp6284928.host108.abeiyun.cn/drpy/js/猫了个咪.js"},
    {"key": "dr_牛马TV","name": "牛马TV(drpy)","type": 3,"api": "http://ftp6284928.host108.abeiyun.cn/drpy/libs/drpy.min.js","searchable": 2,"quickSearch": 0,"filterable": 0,"ext": "http://ftp6284928.host108.abeiyun.cn/drpy/js/牛马TV.js"},
    {"key": "dr_爱迪影视","name": "爱迪影视(drpy)","type": 3,"api": "http://ftp6284928.host108.abeiyun.cn/drpy/libs/drpy.min.js","searchable": 2,"quickSearch": 0,"filterable": 0,"ext": "http://ftp6284928.host108.abeiyun.cn/drpy/js/爱迪影视.js"},
    {"key": "dr_爱车MV","name": "爱车MV(drpy)","type": 3,"api": "http://ftp6284928.host108.abeiyun.cn/drpy/libs/drpy.min.js","searchable": 2,"quickSearch": 0,"filterable": 0,"ext": "http://ftp6284928.host108.abeiyun.cn/drpy/js/爱车MV.js"},
    {"key": "dr_欧乐影院[飞]","name": "欧乐影院[飞](drpy)","type": 3,"api": "http://ftp6284928.host108.abeiyun.cn/drpy/libs/drpy.min.js","searchable": 2,"quickSearch": 0,"filterable": 0,"ext": "http://ftp6284928.host108.abeiyun.cn/drpy/js/欧乐影院[飞].js"},
    {"key": "dr_来看点播","name": "来看点播(drpy)","type": 3,"api": "http://ftp6284928.host108.abeiyun.cn/drpy/libs/drpy.min.js","searchable": 2,"quickSearch": 0,"filterable": 0,"ext": "http://ftp6284928.host108.abeiyun.cn/drpy/js/来看点播.js"},
    {"key": "dr_映迷影院","name": "映迷影院(drpy)","type": 3,"api": "http://ftp6284928.host108.abeiyun.cn/drpy/libs/drpy.min.js","searchable": 2,"quickSearch": 0,"filterable": 0,"ext": "http://ftp6284928.host108.abeiyun.cn/drpy/js/映迷影院.js"},
    {"key": "dr_星辰","name": "星辰(drpy)","type": 3,"api": "http://ftp6284928.host108.abeiyun.cn/drpy/libs/drpy.min.js","searchable": 2,"quickSearch": 0,"filterable": 0,"ext": "http://ftp6284928.host108.abeiyun.cn/drpy/js/星辰.js"},
    {"key": "dr_新视觉影视","name": "新视觉影视(drpy)","type": 3,"api": "http://ftp6284928.host108.abeiyun.cn/drpy/libs/drpy.min.js","searchable": 2,"quickSearch": 0,"filterable": 0,"ext": "http://ftp6284928.host108.abeiyun.cn/drpy/js/新视觉影视.js"},
    {"key": "dr_斗鱼直播","name": "斗鱼直播(drpy)","type": 3,"api": "http://ftp6284928.host108.abeiyun.cn/drpy/libs/drpy.min.js","searchable": 2,"quickSearch": 0,"filterable": 0,"ext": "http://ftp6284928.host108.abeiyun.cn/drpy/js/斗鱼直播.js"},
    {"key": "dr_抓饭体育","name": "抓饭体育(drpy)","type": 3,"api": "http://ftp6284928.host108.abeiyun.cn/drpy/libs/drpy.min.js","searchable": 2,"quickSearch": 0,"filterable": 0,"ext": "http://ftp6284928.host108.abeiyun.cn/drpy/js/抓饭体育.js"},
    {"key": "dr_快看","name": "快看(drpy)","type": 3,"api": "http://ftp6284928.host108.abeiyun.cn/drpy/libs/drpy.min.js","searchable": 2,"quickSearch": 1,"filterable": 0,"ext": "http://ftp6284928.host108.abeiyun.cn/drpy/js/快看.js"},
    {"key": "dr_影视工厂","name": "影视工厂(drpy)","type": 3,"api": "http://ftp6284928.host108.abeiyun.cn/drpy/libs/drpy.min.js","searchable": 2,"quickSearch": 0,"filterable": 0,"ext": "http://ftp6284928.host108.abeiyun.cn/drpy/js/影视工厂.js"},
    {"key": "dr_异世界动漫","name": "异世界动漫(drpy)","type": 3,"api": "http://ftp6284928.host108.abeiyun.cn/drpy/libs/drpy.min.js","searchable": 2,"quickSearch": 0,"filterable": 0,"ext": "http://ftp6284928.host108.abeiyun.cn/drpy/js/异世界动漫.js"},
    {"key": "dr_库马伊","name": "库马伊(drpy)","type": 3,"api": "http://ftp6284928.host108.abeiyun.cn/drpy/libs/drpy.min.js","searchable": 2,"quickSearch": 0,"filterable": 0,"ext": "http://ftp6284928.host108.abeiyun.cn/drpy/js/库马伊.js"},
    {"key": "dr_干饭影视","name": "干饭影视(drpy)","type": 3,"api": "http://ftp6284928.host108.abeiyun.cn/drpy/libs/drpy.min.js","searchable": 2,"quickSearch": 0,"filterable": 0,"ext": "http://ftp6284928.host108.abeiyun.cn/drpy/js/干饭影视.js"},
    {"key": "dr_尘落影视","name": "尘落影视(drpy)","type": 3,"api": "http://ftp6284928.host108.abeiyun.cn/drpy/libs/drpy.min.js","searchable": 2,"quickSearch": 0,"filterable": 0,"ext": "http://ftp6284928.host108.abeiyun.cn/drpy/js/尘落影视.js"},
    {"key": "dr_小白菜电影","name": "小白菜电影(drpy)","type": 3,"api": "http://ftp6284928.host108.abeiyun.cn/drpy/libs/drpy.min.js","searchable": 2,"quickSearch": 1,"filterable": 0,"ext": "http://ftp6284928.host108.abeiyun.cn/drpy/js/小白菜电影.js"},
    {"key": "dr_小猫咪","name": "小猫咪(drpy)","type": 3,"api": "http://ftp6284928.host108.abeiyun.cn/drpy/libs/drpy.min.js","searchable": 2,"quickSearch": 0,"filterable": 0,"ext": "http://ftp6284928.host108.abeiyun.cn/drpy/js/小猫咪.js"},
    {"key": "dr_小强迷","name": "小强迷(drpy)","type": 3,"api": "http://ftp6284928.host108.abeiyun.cn/drpy/libs/drpy.min.js","searchable": 2,"quickSearch": 0,"filterable": 0,"ext": "http://ftp6284928.host108.abeiyun.cn/drpy/js/小强迷.js"},
    {"key": "dr_小宝影院[飞]","name": "小宝影院[飞](drpy)","type": 3,"api": "http://ftp6284928.host108.abeiyun.cn/drpy/libs/drpy.min.js","searchable": 2,"quickSearch": 1,"filterable": 0,"ext": "http://ftp6284928.host108.abeiyun.cn/drpy/js/小宝影院[飞].js"},
    {"key": "dr_小品网","name": "小品网(drpy)","type": 3,"api": "http://ftp6284928.host108.abeiyun.cn/drpy/libs/drpy.min.js","searchable": 2,"quickSearch": 0,"filterable": 0,"ext": "http://ftp6284928.host108.abeiyun.cn/drpy/js/小品网.js"},
    {"key": "dr_完美看看","name": "完美看看(drpy)","type": 3,"api": "http://ftp6284928.host108.abeiyun.cn/drpy/libs/drpy.min.js","searchable": 2,"quickSearch": 0,"filterable": 0,"ext": "http://ftp6284928.host108.abeiyun.cn/drpy/js/完美看看.js"},
    {"key": "dr_学生球赛录像[js1]","name": "学生球赛录像[js1](drpy)","type": 3,"api": "http://ftp6284928.host108.abeiyun.cn/drpy/libs/drpy.min.js","searchable": 0,"quickSearch": 0,"filterable": 0,"ext": "http://ftp6284928.host108.abeiyun.cn/drpy/js/学生球赛录像[js1].js"},
    {"key": "dr_子子影视","name": "子子影视(drpy)","type": 3,"api": "http://ftp6284928.host108.abeiyun.cn/drpy/libs/drpy.min.js","searchable": 2,"quickSearch": 0,"filterable": 0,"ext": "http://ftp6284928.host108.abeiyun.cn/drpy/js/子子影视.js"},
    {"key": "dr_奇珍异兽","name": "奇珍异兽(drpy)","type": 3,"api": "http://ftp6284928.host108.abeiyun.cn/drpy/libs/drpy.min.js","searchable": 2,"quickSearch": 0,"filterable": 1,"ext": "http://ftp6284928.host108.abeiyun.cn/drpy/js/奇珍异兽.js"},
    {"key": "dr_奇优影院","name": "奇优影院(drpy)","type": 3,"api": "http://ftp6284928.host108.abeiyun.cn/drpy/libs/drpy.min.js","searchable": 2,"quickSearch": 0,"filterable": 0,"ext": "http://ftp6284928.host108.abeiyun.cn/drpy/js/奇优影院.js"},
    {"key": "dr_大米星球","name": "大米星球(drpy)","type": 3,"api": "http://ftp6284928.host108.abeiyun.cn/drpy/libs/drpy.min.js","searchable": 2,"quickSearch": 0,"filterable": 0,"ext": "http://ftp6284928.host108.abeiyun.cn/drpy/js/大米星球.js"},
    {"key": "dr_大师兄影视","name": "大师兄影视(drpy)","type": 3,"api": "http://ftp6284928.host108.abeiyun.cn/drpy/libs/drpy.min.js","searchable": 2,"quickSearch": 0,"filterable": 0,"ext": "http://ftp6284928.host108.abeiyun.cn/drpy/js/大师兄影视.js"},
    {"key": "dr_夜空","name": "夜空(drpy)","type": 3,"api": "http://ftp6284928.host108.abeiyun.cn/drpy/libs/drpy.min.js","searchable": 2,"quickSearch": 0,"filterable": 0,"ext": "http://ftp6284928.host108.abeiyun.cn/drpy/js/夜空.js"},
    {"key": "dr_在线之家","name": "在线之家(drpy)","type": 3,"api": "http://ftp6284928.host108.abeiyun.cn/drpy/libs/drpy.min.js","searchable": 2,"quickSearch": 0,"filterable": 0,"ext": "http://ftp6284928.host108.abeiyun.cn/drpy/js/在线之家.js"},
    {"key": "dr_四个圈影视","name": "四个圈影视(drpy)","type": 3,"api": "http://ftp6284928.host108.abeiyun.cn/drpy/libs/drpy.min.js","searchable": 2,"quickSearch": 0,"filterable": 0,"ext": "http://ftp6284928.host108.abeiyun.cn/drpy/js/四个圈影视.js"},
    {"key": "dr_喵喵","name": "喵喵(drpy)","type": 3,"api": "http://ftp6284928.host108.abeiyun.cn/drpy/libs/drpy.min.js","searchable": 2,"quickSearch": 0,"filterable": 0,"ext": "http://ftp6284928.host108.abeiyun.cn/drpy/js/喵喵.js"},
    {"key": "dr_唐人街影视","name": "唐人街影视(drpy)","type": 3,"api": "http://ftp6284928.host108.abeiyun.cn/drpy/libs/drpy.min.js","searchable": 2,"quickSearch": 0,"filterable": 0,"ext": "http://ftp6284928.host108.abeiyun.cn/drpy/js/唐人街影视.js"},
    {"key": "dr_哔哩直播","name": "哔哩直播(drpy)","type": 3,"api": "http://ftp6284928.host108.abeiyun.cn/drpy/libs/drpy.min.js","searchable": 2,"quickSearch": 0,"filterable": 1,"ext": "http://ftp6284928.host108.abeiyun.cn/drpy/js/哔哩直播.js"},
    {"key": "dr_吼吼[飞]","name": "吼吼[飞](drpy)","type": 3,"api": "http://ftp6284928.host108.abeiyun.cn/drpy/libs/drpy.min.js","searchable": 2,"quickSearch": 1,"filterable": 0,"ext": "http://ftp6284928.host108.abeiyun.cn/drpy/js/吼吼[飞].js"},
    {"key": "dr_双十电影","name": "双十电影(drpy)","type": 3,"api": "http://ftp6284928.host108.abeiyun.cn/drpy/libs/drpy.min.js","searchable": 2,"quickSearch": 0,"filterable": 0,"ext": "http://ftp6284928.host108.abeiyun.cn/drpy/js/双十电影.js"},
    {"key": "dr_厂长资源","name": "厂长资源(drpy)","type": 3,"api": "http://ftp6284928.host108.abeiyun.cn/drpy/libs/drpy.min.js","searchable": 2,"quickSearch": 1,"filterable": 0,"ext": "http://ftp6284928.host108.abeiyun.cn/drpy/js/厂长资源.js"},
    {"key": "dr_剧白白","name": "剧白白(drpy)","type": 3,"api": "http://ftp6284928.host108.abeiyun.cn/drpy/libs/drpy.min.js","searchable": 2,"quickSearch": 0,"filterable": 0,"ext": "http://ftp6284928.host108.abeiyun.cn/drpy/js/剧白白.js"},
    {"key": "dr_凌云影视","name": "凌云影视(drpy)","type": 3,"api": "http://ftp6284928.host108.abeiyun.cn/drpy/libs/drpy.min.js","searchable": 2,"quickSearch": 0,"filterable": 0,"ext": "http://ftp6284928.host108.abeiyun.cn/drpy/js/凌云影视.js"},
    {"key": "dr_冲TMTV[飞]","name": "冲TMTV[飞](drpy)","type": 3,"api": "http://ftp6284928.host108.abeiyun.cn/drpy/libs/drpy.min.js","searchable": 2,"quickSearch": 1,"filterable": 0,"ext": "http://ftp6284928.host108.abeiyun.cn/drpy/js/冲TMTV[飞].js"},
    {"key": "dr_兔小贝","name": "兔小贝(drpy)","type": 3,"api": "http://ftp6284928.host108.abeiyun.cn/drpy/libs/drpy.min.js","searchable": 2,"quickSearch": 0,"filterable": 0,"ext": "http://ftp6284928.host108.abeiyun.cn/drpy/js/兔小贝.js"},
    {"key": "dr_人人影视","name": "人人影视(drpy)","type": 3,"api": "http://ftp6284928.host108.abeiyun.cn/drpy/libs/drpy.min.js","searchable": 2,"quickSearch": 0,"filterable": 0,"ext": "http://ftp6284928.host108.abeiyun.cn/drpy/js/人人影视.js"},
    {"key": "dr_乐猪TV","name": "乐猪TV(drpy)","type": 3,"api": "http://ftp6284928.host108.abeiyun.cn/drpy/libs/drpy.min.js","searchable": 2,"quickSearch": 0,"filterable": 0,"ext": "http://ftp6284928.host108.abeiyun.cn/drpy/js/乐猪TV.js"},
    {"key": "dr_万能影视","name": "万能影视(drpy)","type": 3,"api": "http://ftp6284928.host108.abeiyun.cn/drpy/libs/drpy.min.js","searchable": 2,"quickSearch": 0,"filterable": 0,"ext": "http://ftp6284928.host108.abeiyun.cn/drpy/js/万能影视.js"},
    {"key": "dr_voflix","name": "voflix(drpy)","type": 3,"api": "http://ftp6284928.host108.abeiyun.cn/drpy/libs/drpy.min.js","searchable": 2,"quickSearch": 0,"filterable": 0,"ext": "http://ftp6284928.host108.abeiyun.cn/drpy/js/voflix.js"},
    {"key": "dr_vip影院","name": "vip影院(drpy)","type": 3,"api": "http://ftp6284928.host108.abeiyun.cn/drpy/libs/drpy.min.js","searchable": 2,"quickSearch": 0,"filterable": 0,"ext": "http://ftp6284928.host108.abeiyun.cn/drpy/js/vip影院.js"},
    {"key": "dr_vidhub","name": "vidhub(drpy)","type": 3,"api": "http://ftp6284928.host108.abeiyun.cn/drpy/libs/drpy.min.js","searchable": 2,"quickSearch": 0,"filterable": 0,"ext": "http://ftp6284928.host108.abeiyun.cn/drpy/js/vidhub.js"},
    {"key": "dr_TV蜂","name": "TV蜂(drpy)","type": 3,"api": "http://ftp6284928.host108.abeiyun.cn/drpy/libs/drpy.min.js","searchable": 2,"quickSearch": 0,"filterable": 0,"ext": "http://ftp6284928.host108.abeiyun.cn/drpy/js/TV蜂.js"},
    {"key": "dr_tva云播","name": "tva云播(drpy)","type": 3,"api": "http://ftp6284928.host108.abeiyun.cn/drpy/libs/drpy.min.js","searchable": 2,"quickSearch": 0,"filterable": 0,"ext": "http://ftp6284928.host108.abeiyun.cn/drpy/js/tva云播.js"},
    {"key": "dr_RP影视","name": "RP影视(drpy)","type": 3,"api": "http://ftp6284928.host108.abeiyun.cn/drpy/libs/drpy.min.js","searchable": 2,"quickSearch": 0,"filterable": 0,"ext": "http://ftp6284928.host108.abeiyun.cn/drpy/js/RP影视.js"},
    {"key": "dr_omofun动漫","name": "omofun动漫(drpy)","type": 3,"api": "http://ftp6284928.host108.abeiyun.cn/drpy/libs/drpy.min.js","searchable": 2,"quickSearch": 0,"filterable": 0,"ext": "http://ftp6284928.host108.abeiyun.cn/drpy/js/omofun动漫.js"},
    {"key": "dr_LIBVIO","name": "LIBVIO(drpy)","type": 3,"api": "http://ftp6284928.host108.abeiyun.cn/drpy/libs/drpy.min.js","searchable": 2,"quickSearch": 0,"filterable": 0,"ext": "http://ftp6284928.host108.abeiyun.cn/drpy/js/LIBVIO.js"},
    {"key": "dr_l0l","name": "l0l(drpy)","type": 3,"api": "http://ftp6284928.host108.abeiyun.cn/drpy/libs/drpy.min.js","searchable": 2,"quickSearch": 0,"filterable": 0,"ext": "http://ftp6284928.host108.abeiyun.cn/drpy/js/l0l.js"},
    {"key": "dr_KUBO影视[飞]","name": "KUBO影视[飞](drpy)","type": 3,"api": "http://ftp6284928.host108.abeiyun.cn/drpy/libs/drpy.min.js","searchable": 2,"quickSearch": 0,"filterable": 0,"ext": "http://ftp6284928.host108.abeiyun.cn/drpy/js/KUBO影视[飞].js"},
    {"key": "dr_JustLive","name": "JustLive(drpy)","type": 3,"api": "http://ftp6284928.host108.abeiyun.cn/drpy/libs/drpy.min.js","searchable": 2,"quickSearch": 0,"filterable": 1,"ext": "http://ftp6284928.host108.abeiyun.cn/drpy/js/JustLive.js"},
    {"key": "dr_JRS看直播","name": "JRS看直播(drpy)","type": 3,"api": "http://ftp6284928.host108.abeiyun.cn/drpy/libs/drpy.min.js","searchable": 0,"quickSearch": 0,"filterable": 0,"ext": "http://ftp6284928.host108.abeiyun.cn/drpy/js/JRS看直播.js"},
    {"key": "dr_JRS看球网","name": "JRS看球网(drpy)","type": 3,"api": "http://ftp6284928.host108.abeiyun.cn/drpy/libs/drpy.min.js","searchable": 0,"quickSearch": 0,"filterable": 0,"ext": "http://ftp6284928.host108.abeiyun.cn/drpy/js/JRS看球网.js"},
    {"key": "dr_JRS录像","name": "JRS录像(drpy)","type": 3,"api": "http://ftp6284928.host108.abeiyun.cn/drpy/libs/drpy.min.js","searchable": 0,"quickSearch": 0,"filterable": 0,"ext": "http://ftp6284928.host108.abeiyun.cn/drpy/js/JRS录像.js"},
    {"key": "dr_JRKAN直播","name": "JRKAN直播(drpy)","type": 3,"api": "http://ftp6284928.host108.abeiyun.cn/drpy/libs/drpy.min.js","searchable": 0,"quickSearch": 0,"filterable": 0,"ext": "http://ftp6284928.host108.abeiyun.cn/drpy/js/JRKAN直播.js"},
    {"key": "dr_if101[飞]","name": "if101[飞](drpy)","type": 3,"api": "http://ftp6284928.host108.abeiyun.cn/drpy/libs/drpy.min.js","searchable": 2,"quickSearch": 1,"filterable": 0,"ext": "http://ftp6284928.host108.abeiyun.cn/drpy/js/if101[飞].js"},
    {"key": "dr_HDmoli","name": "HDmoli(drpy)","type": 3,"api": "http://ftp6284928.host108.abeiyun.cn/drpy/libs/drpy.min.js","searchable": 2,"quickSearch": 0,"filterable": 0,"ext": "http://ftp6284928.host108.abeiyun.cn/drpy/js/HDmoli.js"},
    {"key": "dr_gaze","name": "gaze(drpy)","type": 3,"api": "http://ftp6284928.host108.abeiyun.cn/drpy/libs/drpy.min.js","searchable": 2,"quickSearch": 0,"filterable": 1,"ext": "http://ftp6284928.host108.abeiyun.cn/drpy/js/gaze.js"},
    {"key": "dr_DJ音乐","name": "DJ音乐(drpy)","type": 3,"api": "http://ftp6284928.host108.abeiyun.cn/drpy/libs/drpy.min.js","searchable": 2,"quickSearch": 0,"filterable": 0,"ext": "http://ftp6284928.host108.abeiyun.cn/drpy/js/DJ音乐.js"},
    {"key": "dr_cokemv","name": "cokemv(drpy)","type": 3,"api": "http://ftp6284928.host108.abeiyun.cn/drpy/libs/drpy.min.js","searchable": 2,"quickSearch": 0,"filterable": 0,"ext": "http://ftp6284928.host108.abeiyun.cn/drpy/js/cokemv.js"},
    {"key": "dr_AnFuns","name": "AnFuns(drpy)","type": 3,"api": "http://ftp6284928.host108.abeiyun.cn/drpy/libs/drpy.min.js","searchable": 2,"quickSearch": 0,"filterable": 0,"ext": "http://ftp6284928.host108.abeiyun.cn/drpy/js/AnFuns.js"},
    {"key": "dr_AGE动漫","name": "AGE动漫(drpy)","type": 3,"api": "http://ftp6284928.host108.abeiyun.cn/drpy/libs/drpy.min.js","searchable": 2,"quickSearch": 0,"filterable": 1,"ext": "http://ftp6284928.host108.abeiyun.cn/drpy/js/AGE动漫.js"},
    {"key": "dr_8号影院","name": "8号影院(drpy)","type": 3,"api": "http://ftp6284928.host108.abeiyun.cn/drpy/libs/drpy.min.js","searchable": 2,"quickSearch": 0,"filterable": 0,"ext": "http://ftp6284928.host108.abeiyun.cn/drpy/js/8号影院.js"},
    {"key": "dr_88看球","name": "88看球(drpy)","type": 3,"api": "http://ftp6284928.host108.abeiyun.cn/drpy/libs/drpy.min.js","searchable": 0,"quickSearch": 0,"filterable": 0,"ext": "http://ftp6284928.host108.abeiyun.cn/drpy/js/88看球.js"},
    {"key": "dr_69美剧","name": "69美剧(drpy)","type": 3,"api": "http://ftp6284928.host108.abeiyun.cn/drpy/libs/drpy.min.js","searchable": 2,"quickSearch": 1,"filterable": 0,"ext": "http://ftp6284928.host108.abeiyun.cn/drpy/js/69美剧.js"},
    {"key": "dr_555影视","name": "555影视(drpy)","type": 3,"api": "http://ftp6284928.host108.abeiyun.cn/drpy/libs/drpy.min.js","searchable": 2,"quickSearch": 0,"filterable": 0,"ext": "http://ftp6284928.host108.abeiyun.cn/drpy/js/555影视.js"},
    {"key": "dr_310直播","name": "310直播(drpy)","type": 3,"api": "http://ftp6284928.host108.abeiyun.cn/drpy/libs/drpy.min.js","searchable": 0,"quickSearch": 0,"filterable": 0,"ext": "http://ftp6284928.host108.abeiyun.cn/drpy/js/310直播.js"},
    {"key": "dr_188看","name": "188看(drpy)","type": 3,"api": "http://ftp6284928.host108.abeiyun.cn/drpy/libs/drpy.min.js","searchable": 2,"quickSearch": 1,"filterable": 0,"ext": "http://ftp6284928.host108.abeiyun.cn/drpy/js/188看.js"},
    {"key": "dr_1080P","name": "1080P(drpy)","type": 3,"api": "http://ftp6284928.host108.abeiyun.cn/drpy/libs/drpy.min.js","searchable": 2,"quickSearch": 0,"filterable": 0,"ext": "http://ftp6284928.host108.abeiyun.cn/drpy/js/1080P.js"},
    {"key": "dr_007影视","name": "007影视(drpy)","type": 3,"api": "http://ftp6284928.host108.abeiyun.cn/drpy/libs/drpy.min.js","searchable": 2,"quickSearch": 0,"filterable": 0,"ext": "http://ftp6284928.host108.abeiyun.cn/drpy/js/007影视.js"},
    {"key": "dr_NY影院","name": "NY影院(drpy)","type": 3,"api": "http://ftp6284928.host108.abeiyun.cn/drpy/libs/drpy.min.js","searchable": 2,"quickSearch": 0,"filterable": 0,"ext": "http://ftp6284928.host108.abeiyun.cn/drpy/js/NY影院.js"},
    {"key": "dr_鸭奈飞","name": "鸭奈飞(drpy)","type": 3,"api": "http://ftp6284928.host108.abeiyun.cn/drpy/libs/drpy.min.js","searchable": 2,"quickSearch": 0,"filterable": 0,"ext": "http://ftp6284928.host108.abeiyun.cn/drpy/js/鸭奈飞.js"},
    {"key": "dr_麦豆com","name": "麦豆com(drpy)","type": 3,"api": "http://ftp6284928.host108.abeiyun.cn/drpy/libs/drpy.min.js","searchable": 2,"quickSearch": 0,"filterable": 0,"ext": "http://ftp6284928.host108.abeiyun.cn/drpy/js/麦豆com.js"}
  ],
  "parses": [
    {"name": "🌐Ⓤ","type": 0,"url": "","header": {"User-Agent": "Mozilla/5.0"}},
    {"name": "轮询","type": 2,"url": "Sequence","header": {"User-Agent": "Mozilla/5.0"}},
    {"name": "并发","type": 2,"url": "Parallel","header": {"User-Agent": "Mozilla/5.0"}},
    {"name":"解析1","type":0,"url":"http://www.miaoys.cc/vip/?url="},
    {"name":"解析2","type":1,"url":"http://xn--wnup5g.xn--z7x900a.love:63/Art/analysis.php?v=","ext":{"flag":["qq","腾讯","企鹅","IQiYi","qiyi","爱奇艺","奇艺","youku","YouKu","优酷","sohu","SoHu","搜狐","letv","LeShi","乐视","imgo","mgtv","MangGuo","芒果","SLYS4k","BYGA","luanzi","AliS","dxzy","bilibili","QEYSS","xigua","西瓜视频","腾讯视频","奇艺视频","优酷视频","芒果视频","乐视视频"]}},
    {"name":"解析3","type":1,"url":"https://jx.ccabc.cc/byg/?url=","ext":{"flag":["qq","腾讯","企鹅","IQiYi","qiyi","爱奇艺","奇艺","youku","YouKu","优酷","sohu","SoHu","搜狐","letv","LeShi","乐视","imgo","mgtv","MangGuo","芒果","SLYS4k","BYGA","luanzi","AliS","dxzy","bilibili","QEYSS","xigua","西瓜视频","腾讯视频","奇艺视频","优酷视频","芒果视频","乐视视频"]}},
    {"name":"解析4","type":1,"url":"http://jx.fuqizhishi.com:63/API.php?appkey=feimao&url=","header":{"User-Agent":"Mozilla/5.0"}},
    {"name":"解析5","type":0,"url":"https://jx.bozrc.com:4433/player/?url=","ext":{"flag":["qq","腾讯","qiyi","iqiyi","爱奇艺","奇艺","youku","优酷","mgtv","芒果","letv","乐视","pptv","PPTV","sohu","bilibili","哔哩哔哩","哔哩"]}},
    {"name":"解析6","type":1,"url":"http://newjiexi.gotka.top/keyu3.php?url=","ext":{"flag":["qq","腾讯","qiyi","爱奇艺","奇艺","youku","优酷","mgtv","芒果","letv","乐视","pptv","PPTV","sohu","bilibili","哔哩哔哩","哔哩"],"header":{"User-Agent":"okhttp/4.1.0"}}},
    {"name":"解析7","type":1,"url":"http://api.ckflv.cn/?url="},
    {"name":"解析8","type":1,"url":"https://json.xn--9kq078cdn3a.cc/api/?key=e7096101128070c1ce09bbf3887e5279&url=","header":{"User-Agent":"Mozilla/5.0"}},
    {"name":"解析9","type":1,"url":"http://http://pandown.pro/app/kxjx.php?url=","header":{"User-Agent":"okhttp/4.1.0"}},
    {"name":"解析10","type":0,"url":"https://tljiaqing.nde.tw/m3u8/?url="},
    {"name":"解析11","type":1,"url":"http://45.248.10.163:4433/json.php?wap=0&url="},
    {"name":"解析12","type":0,"url":"https://rx.bt5v.com/json/jsonindex.php/?url="},
    {"name":"解析13","type":1,"url":"http://www.pandown.pro/app/tkys/tkysjx.php?url="},
    {"name":"解析14","type":1,"url":"http://pandown.pro/app/ysmjx.php?url=","header":{"User-Agent":"Dart/2.14(dart:io)"}},
    {"name":"解析15","type":1,"url":"https://www.1920lgzy.top/json.php?url=","ext":{"header":{"User-Agent":"Mozilla/5.0"}}},
    {"name":"解析16","type":1,"url":"https://hc.izny.cn/json.php?url="},
    {"name":"解析17","type":1,"url":"https://www.nxflv.com/?url=","header":{"User-Agent":"Mozilla/5.0"}}
  ],
  "flags": ["imgo","youku","qq","iqiyi","qiyi","fun","letv","leshi","sohu","tudou","xigua","cntv","1905","pptv","mgtv","wasu","bilibili","renrenmi"],
  "hotSearch": [
    {
      "name": "mobilesearch",
      "request": {
        "method": "GET",
        "header": [{"key": "Referer","value": "http://101.34.67.237"}],
        "url": {"raw": "http://101.34.67.237/hotsugg?t={time}"}
      },
      "response": {
        "result": "$.data",
        "data": [{"key": "keyword","value": "title"}]
      }
    }
  ],
  "sniffer": {
    "userAgent": "Mozilla/5.0(WindowsNT10.0;Win64;x64)AppleWebKit/537.36(KHTML,likeGecko)Chrome/105.0.0.0Safari/537.36Edg/105.0.1343.27",
    "isVideoFormat": "http((?!http).){26,}\\.(m3u8|mp4|flv|avi|mkv|wmv|mpg|mpeg|mov|ts|3gp|rm|rmvb|asf|m4a|mp3|wma)",
    "custom": [
      {
        "url": "/Cloud/Down/AliCloud/",
        "mimeType": "text/html",
        "encoding": "utf-8",
        "header": {"Referer": "https://zxzj.vip/"}
      },
      {
        "url": "ysting.ysxs8.vip",
        "mimeType": "text/html",
        "encoding": "utf-8",
        "header": {"Referer": "http://ysting.ysxs8.vip:81"}
      }
    ]
  },
  "recommend": [
    {
      "name": "豆瓣推荐",
      "request": {
        "method": "GET",
        "header": [{"key": "Referer","value": "https://movie.douban.com/"}],
        "url": {"raw": "https://movie.douban.com/j/new_search_subjects?sort=U&range=0,10&tags=&playable=1&start=0&year_range=2022,2022"}
      },
      "response": {
        "result": "$.data",
        "data": [
          {"key": "name","value": "title"},
          {"key": "note","value": "rate"},
          {"key": "pic","value": "cover"}
        ]
      },
      "expires": "86400"
    }
  ],
  "rating": [
    {
      "name": "rating",
      "request": {
        "method": "GET",
        "url": {
          "raw": "https://api.wmdb.tv/api/v1/movie/search?q={name}&limit=1"}
      },
      "response": {
        "result": "this",
        "data": [{"key": "rating","value": "doubanRating"}]
      }
    }
  ],
  "ijk": [
    {
      "group": "软解码",
      "options": [
        {"category": 4,"name": "opensles","value": "0"},
        {"category": 4,"name": "overlay-format","value": "842225234"},
        {"category": 4,"name": "framedrop","value": "1"},
        {"category": 4,"name": "soundtouch","value": "1"},
        {"category": 4,"name": "start-on-prepared","value": "1"},
        {"category": 1,"name": "http-detect-range-support","value": "0"},
        {"category": 1,"name": "fflags","value": "fastseek"},
        {"category": 2,"name": "skip_loop_filter","value": "48"},
        {"category": 4,"name": "reconnect","value": "1"},
        {"category": 4,"name": "max-buffer-size","value": "5242880"},
        {"category": 4,"name": "enable-accurate-seek","value": "0"},
        {"category": 4,"name": "mediacodec","value": "0"},
        {"category": 4,"name": "mediacodec-auto-rotate","value": "0"},
        {"category": 4,"name": "mediacodec-handle-resolution-change","value": "0"},
        {"category": 4,"name": "mediacodec-hevc","value": "0"}
      ]
    },
    {
      "group": "硬解码",
      "options": [
        {"category": 4,"name": "opensles","value": "0"},
        {"category": 4,"name": "overlay-format","value": "842225234"},
        {"category": 4,"name": "framedrop","value": "1"},
        {"category": 4,"name": "soundtouch","value": "1"},
        {"category": 4,"name": "start-on-prepared","value": "1"},
        {"category": 1,"name": "http-detect-range-support","value": "0"},
        {"category": 1,"name": "fflags","value": "fastseek"},
        {"category": 2,"name": "skip_loop_filter","value": "48"},
        {"category": 4,"name": "reconnect","value": "1"},
        {"category": 4,"name": "max-buffer-size","value": "5242880"},
        {"category": 4,"name": "enable-accurate-seek","value": "0"},
        {"category": 4,"name": "mediacodec","value": "1"},
        {"category": 4,"name": "mediacodec-auto-rotate","value": "1"},
        {"category": 4,"name": "mediacodec-handle-resolution-change","value": "1"},
        {"category": 4,"name": "mediacodec-hevc","value": "1"}
      ]
    }
  ],
  "ads": ["mimg.0c1q0l.cn","www.googletagmanager.com","www.google-analytics.com","mc.usihnbcq.cn","mg.g1mm3d.cn","mscs.svaeuzh.cn","cnzz.hhttm.top","tp.vinuxhome.com","cnzz.mmstat.com","www.baihuillq.com","s23.cnzz.com","z3.cnzz.com","c.cnzz.com","stj.v1vo.top","z12.cnzz.com","img.mosflower.cn","tips.gamevvip.com","ehwe.yhdtns.com","xdn.cqqc3.com","www.jixunkyy.cn","sp.chemacid.cn","hm.baidu.com","s9.cnzz.com","z6.cnzz.com","um.cavuc.com","mav.mavuz.com","wofwk.aoidf3.com","z5.cnzz.com","xc.hubeijieshikj.cn","tj.tianwenhu.com","xg.gars57.cn","k.jinxiuzhilv.com","cdn.bootcss.com","ppl.xunzhuo123.com","xomk.jiangjunmh.top","img.xunzhuo123.com","z1.cnzz.com","s13.cnzz.com","xg.huataisangao.cn","z7.cnzz.com","xg.huataisangao.cn","z2.cnzz.com","s96.cnzz.com","q11.cnzz.com","thy.dacedsfa.cn","xg.whsbpw.cn","s19.cnzz.com","z8.cnzz.com","s4.cnzz.com","f5w.as12df.top","ae01.alicdn.com","www.92424.cn","k.wudejia.com","vivovip.mmszxc.top","qiu.xixiqiu.com","cdnjs.hnfenxun.com","cms.qdwght.com"]
}